epoch,train_loss,val_loss
1,1.24512587168387,0.11077261919325049
